Platform,Campaign,Ad group,Final URL,Cost,Currency
Google Ads,"Brand — Exact","Exact — Old Offer",https://northstar-outfitters.test/old-offer?utm_source=google&utm_campaign=brand,890.00,GBP
Google Ads,"Clearance — Shopping","Clearance Feed",https://spring-clearance.northstar-outfitters.test/?utm_source=google&utm_campaign=clearance,1600.00,GBP
Google Ads,"New Arrivals — PMax","PMax — Assets",https://northstar-outfitters.test/new-arrivals?utm_source=google&utm_campaign=spring-arrivals&utm_content=hero-variant,2200.00,GBP
Google Ads,"New Arrivals — Search","Non-brand",https://northstar-outfitters.test/new-arrivals?utm_source=google&utm_campaign=spring-arrivals&utm_content=list-variant,1920.00,GBP
Google Ads,"Brand — About Page","Exact",https://northstar-outfitters.test/about?utm_source=google&utm_campaign=brand,980.00,GBP
Google Ads,"Gear Guide — Search","Non-brand",https://shop.northstar-outfitters.test/gear-guide?utm_source=google&utm_campaign=gear-guide,2450.00,GBP
Google Ads,"Festival — PMax","PMax — Assets",https://shop.northstar-outfitters.test/festival-collection?utm_source=google&utm_campaign=festival,3600.00,GBP
Google Ads,"Festival — Search","Non-brand",https://shop.northstar-outfitters.test/festival-collection?utm_source=google&utm_campaign=festival,3300.00,GBP
Google Ads,"Catalog — Shopping","Full Catalog",https://shop.northstar-outfitters.test/catalog?utm_source=google&utm_campaign=catalog,4320.00,GBP
Google Ads,"Journal — Discovery","Custom Intent",https://shop.northstar-outfitters.test/journal?utm_source=google&utm_campaign=journal,2180.00,GBP
Google Ads,"Support — Brand","Exact",https://shop.northstar-outfitters.test/support?utm_source=google&utm_campaign=brand,1560.00,GBP
Google Ads,"Mens — Shopping","Mens Feed",https://shop.northstar-outfitters.test/mens?utm_source=google&utm_campaign=mens,5240.00,GBP
Google Ads,"Returns — Brand","Exact",https://shop.northstar-outfitters.test/returns?utm_source=google&utm_campaign=brand,2650.00,GBP
